"title","category","category_slug","url","last_modified"
"3 Best Microsoft Teams Alternatives for 2026","Communication","communication","https://saasstatshub.com/communication/teams-alternatives/","2026-07-11T22:42:36"
"4 Best Slack Alternatives for 2026","Communication","communication","https://saasstatshub.com/communication/slack-alternatives/","2026-07-11T22:42:38"
"4 Best Zoom Alternatives for 2026","Communication","communication","https://saasstatshub.com/communication/zoom-alternatives/","2026-07-11T22:42:30"
"Best Business Phone Systems in 2026","Communication","communication","https://saasstatshub.com/communication/best-business-phone-systems/","2026-07-11T22:09:26"
"Best Cloud Contact Center in 2026","Communication","communication","https://saasstatshub.com/communication/best-cloud-contact-center/","2026-07-11T22:09:24"
"Best Free Video Conferencing Tools 2026","Communication","communication","https://saasstatshub.com/communication/free-video-conferencing-tools-2026/","2026-07-11T21:58:04"
"Best Help Desk Software in 2026","Communication","communication","https://saasstatshub.com/communication/best-help-desk-software/","2026-07-11T22:13:08"
"Best Live Chat for Website in 2026","Communication","communication","https://saasstatshub.com/communication/best-live-chat-for-website/","2026-07-11T21:51:27"
"Best Team Communication Tools in 2026","Communication","communication","https://saasstatshub.com/communication/best-team-communication-tools/","2026-07-11T22:12:55"
"Best UCaaS in 2026","Communication","communication","https://saasstatshub.com/communication/best-unified-communications-as-a-service/","2026-07-11T22:08:25"
"Best UCaaS Platforms in 2026","Communication","communication","https://saasstatshub.com/communication/best-unified-communications-platforms/","2026-07-11T22:12:53"
"Best Video Conferencing Software in 2026","Communication","communication","https://saasstatshub.com/communication/best-video-conferencing-software/","2026-07-11T22:12:52"
"Best Video Conferencing Tools 2026","Communication","communication","https://saasstatshub.com/communication/best-video-conferencing-tools-2026/","2026-07-11T22:01:20"
"Best VoIP for Small Business in 2026","Communication","communication","https://saasstatshub.com/communication/best-voip-for-small-business/","2026-07-11T22:08:24"
"Brevo vs SendGrid: Which Is Better in 2026?","Communication","communication","https://saasstatshub.com/communication/brevo-vs-sendgrid/","2026-07-11T22:45:22"
"Business Phone System Comparison","Communication","communication","https://saasstatshub.com/communication/business-phone-system-comparison/","2026-07-11T22:01:06"
"Communication Plan: Template and Guide","Communication","communication","https://saasstatshub.com/communication/communication-plan-template/","2026-07-11T22:00:46"
"Customer Support Software Statistics 2026: AI Trends and Platform Data","Communication","communication","https://saasstatshub.com/communication/customer-support-software-statistics-2026/","2026-07-11T22:14:47"
"How to Choose Customer Support Software in 2026","Communication","communication","https://saasstatshub.com/communication/how-to-choose-customer-support-software/","2026-07-11T22:12:34"
"How to Choose Video Conferencing Software in 2026","Communication","communication","https://saasstatshub.com/communication/how-to-choose-video-conferencing/","2026-07-11T22:12:28"
"How to Implement Omnichannel Contact Center in 2026: A Complete Guide","Communication","communication","https://saasstatshub.com/communication/how-to-implement-omnichannel-contact-center/","2026-07-11T22:07:14"
"How to Implement UCaaS in 2026: A Complete Guide","Communication","communication","https://saasstatshub.com/communication/how-to-implement-uccaas/","2026-07-11T22:07:02"
"How to Set Up a Help Desk in 2026","Communication","communication","https://saasstatshub.com/communication/how-to-set-up-help-desk/","2026-07-11T22:12:10"
"How to Set Up Omnichannel Support in 2026","Communication","communication","https://saasstatshub.com/communication/how-to-set-up-omnichannel/","2026-07-11T22:12:09"
"How to Set Up VoIP in 2026: A Complete Guide","Communication","communication","https://saasstatshub.com/communication/how-to-set-up-voip/","2026-07-11T22:06:45"
"Intercom vs Drift: Which Customer Messaging Platform Is Better in 2026?","Communication","communication","https://saasstatshub.com/communication/intercom-vs-drift/","2026-07-11T22:12:06"
"Intercom vs Zendesk: Customer Support Tools 2026","Communication","communication","https://saasstatshub.com/communication/intercom-vs-zendesk/","2026-07-11T22:13:56"
"Internal Communication: Essential Tools","Communication","communication","https://saasstatshub.com/communication/internal-communication-tools/","2026-07-11T21:57:07"
"Messaging Apps: Best for Business","Communication","communication","https://saasstatshub.com/communication/messaging-apps-for-business/","2026-07-11T21:56:12"
"Microsoft Teams Statistics 2026: Microsoft 365, Collaboration, and Hybrid Work","Communication","communication","https://saasstatshub.com/communication/microsoft-teams-statistics-2026/","2026-07-11T22:15:06"
"RingCentral vs Dialpad: Which Is Better in 2026?","Communication","communication","https://saasstatshub.com/communication/ringcentral-vs-dialpad/","2026-07-11T22:44:44"
"RingCentral vs Microsoft Teams: Which Is Better in 2026?","Communication","communication","https://saasstatshub.com/communication/ringcentral-vs-teams/","2026-07-11T22:44:43"
"RingCentral vs Webex: Which Communication Platform Is Better in 2026?","Communication","communication","https://saasstatshub.com/communication/ringcentral-vs-webex/","2026-07-11T22:11:58"
"Slack Statistics 2026: Platform Context and Salesforce Reporting Data","Communication","communication","https://saasstatshub.com/communication/slack-statistics-2026/","2026-07-11T22:14:55"
"Slack vs Discord: Which Communication Platform Is Better in 2026?","Communication","communication","https://saasstatshub.com/communication/slack-vs-discord/","2026-07-11T22:11:50"
"Slack vs Microsoft Teams vs Zoom 2026","Communication","communication","https://saasstatshub.com/communication/slack-vs-teams-vs-zoom/","2026-07-17T22:33:04"
"Team Chat Apps for Business","Communication","communication","https://saasstatshub.com/communication/team-chat-apps-for-business/","2026-07-11T21:53:47"
"Team Chat Apps: Complete Comparison","Communication","communication","https://saasstatshub.com/communication/team-chat-apps-comparison/","2026-07-11T21:53:48"
"The Ultimate Guide to Business Communication Software in 2026","Communication","communication","https://saasstatshub.com/communication/business-communication-guide/","2026-07-11T21:50:44"
"UCaaS Statistics 2026: RingCentral and Zoom Phone Service Signals","Communication","communication","https://saasstatshub.com/communication/ucaas-statistics-2026/","2026-07-11T22:14:34"
"Unified Communications: Implementation Guide","Communication","communication","https://saasstatshub.com/communication/unified-communications-guide/","2026-07-11T21:53:40"
"Video Conferencing Statistics 2026: Zoom, Meet and RingCentral Limits","Communication","communication","https://saasstatshub.com/communication/video-conferencing-statistics-2026/","2026-07-11T22:14:33"
"Virtual Event Platforms: Best Options","Communication","communication","https://saasstatshub.com/communication/virtual-event-platforms-2026/","2026-07-11T21:53:36"
"VoIP for Small Business: Getting Started","Communication","communication","https://saasstatshub.com/communication/voip-for-small-business-2026/","2026-07-11T21:53:33"
"VoIP vs Traditional Phone Systems","Communication","communication","https://saasstatshub.com/communication/voip-vs-traditional-phone-systems/","2026-07-11T21:53:32"
"Webinar Platforms: Solutions Compared","Communication","communication","https://saasstatshub.com/communication/webinar-platforms-comparison/","2026-07-11T21:53:23"
"What Is Asynchronous Communication?","Communication","communication","https://saasstatshub.com/communication/what-is-asynchronous-communication/","2026-07-11T21:49:44"
"What Is Business Phone System?","Communication","communication","https://saasstatshub.com/communication/what-is-business-phone-system/","2026-07-11T21:49:32"
"What Is Change Communication?","Communication","communication","https://saasstatshub.com/communication/what-is-change-communication/","2026-07-11T21:49:23"
"What Is Communication Plan?","Communication","communication","https://saasstatshub.com/communication/what-is-communication-plan/","2026-07-11T21:49:03"
"What Is Communication Tool Integration?","Communication","communication","https://saasstatshub.com/communication/what-is-communication-tool-integration/","2026-07-11T21:49:02"
"What Is Crisis Communication?","Communication","communication","https://saasstatshub.com/communication/what-is-crisis-communication/","2026-07-11T21:48:29"
"What Is Customer Communication?","Communication","communication","https://saasstatshub.com/communication/what-is-customer-communication/","2026-07-11T21:48:15"
"What Is Digital Signage?","Communication","communication","https://saasstatshub.com/communication/what-is-digital-signage/","2026-07-11T21:47:35"
"What Is Document Collaboration?","Communication","communication","https://saasstatshub.com/communication/what-is-document-collaboration/","2026-07-11T21:47:28"
"What Is Email Hosting?","Communication","communication","https://saasstatshub.com/communication/what-is-email-hosting/","2026-07-11T21:46:51"
"What Is Internal Communications?","Communication","communication","https://saasstatshub.com/communication/what-is-internal-communications/","2026-07-11T21:45:31"
"What Is Internal Newsletter?","Communication","communication","https://saasstatshub.com/communication/what-is-internal-newsletter/","2026-07-11T21:45:29"
"What Is Knowledge Base?","Communication","communication","https://saasstatshub.com/communication/what-is-knowledge-base/","2026-07-11T21:45:18"
"What Is Meeting Software?","Communication","communication","https://saasstatshub.com/communication/what-is-meeting-software/","2026-07-11T21:44:25"
"What Is Podcast?","Communication","communication","https://saasstatshub.com/communication/what-is-podcast/","2026-07-11T21:43:28"
"What Is Presentation Software?","Communication","communication","https://saasstatshub.com/communication/what-is-presentation-software/","2026-07-11T21:43:25"
"What Is Screen Sharing?","Communication","communication","https://saasstatshub.com/communication/what-is-screen-sharing/","2026-07-11T21:41:59"
"What Is SMS Marketing?","Communication","communication","https://saasstatshub.com/communication/what-is-sms-marketing/","2026-07-11T21:41:44"
"What Is Team Messaging?","Communication","communication","https://saasstatshub.com/communication/what-is-team-messaging/","2026-07-11T21:41:14"
"What Is Translation Management?","Communication","communication","https://saasstatshub.com/communication/what-is-translation-management/","2026-07-11T21:41:05"
"What Is UCaaS and How Does It Benefit Your Business?","Communication","communication","https://saasstatshub.com/communication/what-is-ucaas-and-how-does-it-benefit-your-business/","2026-07-11T21:52:59"
"What Is Unified Communications?","Communication","communication","https://saasstatshub.com/communication/what-is-unified-communications/","2026-07-11T21:41:01"
"What Is Video Conferencing?","Communication","communication","https://saasstatshub.com/communication/what-is-video-conferencing/","2026-07-11T21:40:57"
"What Is VoIP Phone System?","Communication","communication","https://saasstatshub.com/communication/what-is-voip-phone-system/","2026-07-11T21:40:50"
"What Is VoIP?","Communication","communication","https://saasstatshub.com/communication/what-is-voip/","2026-07-11T21:40:49"
"What Is Webinar?","Communication","communication","https://saasstatshub.com/communication/what-is-webinar/","2026-07-11T21:40:36"
"Zendesk vs Freshdesk vs Intercom: Which Is Better in 2026?","Communication","communication","https://saasstatshub.com/communication/zendesk-vs-freshdesk-vs-intercom/","2026-07-11T22:44:22"
"Zendesk vs Freshdesk: Which Help Desk Software Is Better in 2026?","Communication","communication","https://saasstatshub.com/communication/zendesk-vs-freshdesk/","2026-07-11T22:11:45"
"Zendesk vs Help Scout: Which Is Better in 2026?","Communication","communication","https://saasstatshub.com/communication/zendesk-vs-helpscout/","2026-07-11T22:44:21"
"Zendesk vs Intercom: Which Is Better in 2026?","Communication","communication","https://saasstatshub.com/communication/zendesk-vs-intercom/","2026-07-11T22:45:36"
"Zoom vs Google Meet: Which Video Conferencing Platform Is Better in 2026?","Communication","communication","https://saasstatshub.com/communication/zoom-vs-google-meet/","2026-07-11T22:11:43"
"Zoom vs Microsoft Teams: Which Is Better in 2026?","Communication","communication","https://saasstatshub.com/communication/zoom-vs-microsoft-teams/","2026-07-11T22:45:34"
"Zoom vs Webex: Which Is Better in 2026?","Communication","communication","https://saasstatshub.com/communication/zoom-vs-webex/","2026-07-11T22:45:33"
